{"q33": 415.0376327006079, "q66": 652.9833446167415}