{"q33": 400.0799428781313, "q66": 647.9213244493943}